genus,species,id,latitude,longitude,locality,reproductive_mode,inaturalist
acanthoxyla,sp,acan-sp_1,-35.267483,173.294733,"Waitouhue Rd, en route to Takahue",asexual,no
acanthoxyla,sp,acan-sp_2,-35.65655,173.563267,"Waipoua Forest, hill south of DoC Forest HQ",asexual,no
acanthoxyla,sp,acan-sp_3,-35.720467,173.649333,Trounson Kauri Park,asexual,no
acanthoxyla,sp,acan-sp_4,-35.288017,174.09175,Paihia,asexual,no
acanthoxyla,sp,acan-sp_5,-35.922667,173.854383,"Dargaville, Memorial Park",asexual,no
acanthoxyla,sp,acan-sp_6,-36.360867,174.61335,"Dome Forest Walkway, north of Warkworth",asexual,no
acanthoxyla,sp,acan-sp_7,-36.361717,174.6132,Dome Valley Walkway,asexual,no
acanthoxyla,sp,acan-sp_8,-36.72345,174.691967,"Albany, Lucas Creek",asexual,no
acanthoxyla,sp,acan-sp_9,-37.003433,174.563083,Huia,asexual,no
acanthoxyla,sp,acan-sp_10,-36.881,174.853017,"Auckland, Tamaki, Don Merton Rd",asexual,no
acanthoxyla,sp,acan-sp_11,-36.888217,174.849567,Tamaki campus,asexual,no
acanthoxyla,sp,acan-sp_12,-36.8904,174.725967,"Mt Albert Research Centre, Mt Albert",asexual,no
acanthoxyla,sp,acan-sp_13,-36.903967,174.64045,"Henderson, Sunnyvale",asexual,no
acanthoxyla,sp,acan-sp_14,-36.9223,174.593867,"Auckland, Oratia Forest",asexual,no
acanthoxyla,sp,acan-sp_15,-36.848967,174.861517,"Auckland, St Heliers Bay",asexual,no
acanthoxyla,sp,acan-sp_16,-36.9649,174.613833,"Auckland, Parau Trk, Lower Nihotupu Reservoir",asexual,no
acanthoxyla,sp,acan-sp_17,-36.980217,174.919633,"Murphys Bush, Manurewa",asexual,no
acanthoxyla,sp,acan-sp_18,-37.009933,174.906483,"Botanic Gardens, Manurewa",asexual,no
acanthoxyla,sp,acan-sp_19,-36.215667,175.057933,"Little Barrier I, Flats",asexual,no
acanthoxyla,sp,acan-sp_20,-36.2252,175.078733,"Little Barrier I, Awaroa Stm",asexual,no
acanthoxyla,sp,acan-sp_21,-36.3,175.533333,"Great Barrier I, Little Windy Hill",asexual,no
acanthoxyla,sp,acan-sp_22,-36.166767,175.29935,Nelson I. (Great Barrier I),asexual,no
acanthoxyla,sp,acan-sp_23,-37.143133,175.65905,"Coromandel, Kopu-Hikuai Rd, SH25A",asexual,no
acanthoxyla,sp,acan-sp_24,-37.147983,175.673333,"Kopu-Hikuai, Coromandel summit carpark on East side",asexual,no
acanthoxyla,sp,acan-sp_25,-37.520333,175.728167,"Mt Te Aroha, bottom of road",asexual,no
acanthoxyla,sp,acan-sp_26,-38.415583,174.880283,"Mangaotaki Gorge, Piopio",asexual,no
acanthoxyla,sp,acan-sp_27,-37.859833,175.530667,"Cambridge, Maungakawa Scenic Reserve",asexual,no
acanthoxyla,sp,acan-sp_28,-37.853867,174.783467,"Mount Karioi, Pirongia State forest Park",asexual,no
acanthoxyla,sp,acan-sp_29,-37.907817,174.896767,Bridal Veil Falls,asexual,no
acanthoxyla,sp,acan-sp_30,-38.0544,175.562067,"Mt Maungatautari, southern enclosure",asexual,no
acanthoxyla,sp,acan-sp_31,-37.56285,178.15225,"Waenga Bush, Lottin Pt Rd",asexual,no
acanthoxyla,sp,acan-sp_32,-37.599933,178.29955,"Te Koau, Hicks Bay",asexual,no
acanthoxyla,sp,acan-sp_33,-38.080133,176.421917,"Lk Okataina, Trk off Lk Okataina Rd",asexual,no
acanthoxyla,sp,acan-sp_34,-37.6105,177.9611,Waiotuma Stm,asexual,no
acanthoxyla,sp,acan-sp_35,-37.98895,176.189417,"Te Pu, Mamaku",asexual,no
acanthoxyla,sp,acan-sp_36,-38.473333,175.5683,"Pureora Lodge, Loop Track, Karamarama Stream",asexual,no
acanthoxyla,sp,acan-sp_37,-38.5145,175.570167,"Pureora Forest, Caterpillar Tractor Track",asexual,no
acanthoxyla,sp,acan-sp_38,-39.003117,176.5538,"Napier-Taupo Road, rest area",asexual,no
acanthoxyla,sp,acan-sp_39,-39.027367,175.7451,"Tongariro Natl Pk, Tongariro, Lake Rotopounamu",asexual,no
acanthoxyla,sp,acan-sp_40,-39.393333,175.428333,"Ohakune Mountain Rd, Rimu Track",asexual,no
acanthoxyla,sp,acan-sp_41,-39.42945,175.464517,"Rangataua, Rangataua Scenic Reserve",asexual,no
acanthoxyla,sp,acan-sp_42,-39.43895,175.45405,"Mangaehuehu Scenic Res, SH49 roadside",asexual,no
acanthoxyla,sp,acan-sp_43,-37.68985,178.547217,East Cape lighthouse Trk,asexual,no
acanthoxyla,sp,acan-sp_44,-38.63285,177.032117,"Huiarau Ra, Taupepe Saddle, rest area at Huiarau summit",asexual,no
acanthoxyla,sp,acan-sp_45,-38.7443,177.161217,"Te Urewera Nat Pk, Lake Waikaremoana, Aniwaniwa, DoC HQ",asexual,no
acanthoxyla,sp,acan-sp_46,-38.756667,177.013333,"Lake Waikaremoana, Te Totara track",asexual,no
acanthoxyla,sp,acan-sp_47,-38.782833,177.135667,"Te Urewera Nat Pk, Lake Waikaremoana, Awaawaroa Stm, Maori Track",asexual,no
acanthoxyla,sp,acan-sp_48,-38.90345,174.59405,Mount Messenger,asexual,no
acanthoxyla,sp,acan-sp_49,-39.29725,174.479283,"Douglas Cottage, Ohura Road",asexual,no
acanthoxyla,sp,acan-sp_50,-39.325883,174.285933,Stratford,asexual,no
acanthoxyla,sp,acan-sp_51,-39.071667,174.078333,"New Plymouth, Hine Street",asexual,no
acanthoxyla,sp,acan-sp_52,-39.224767,173.9662,"Mt Taranaki, Junction of Carrington and Dover Rds",asexual,no
acanthoxyla,sp,acan-sp_53,-39.19932,173.97799,"Pukeiti, along Carrington Road, Egmont National Park",asexual,no
acanthoxyla,sp,acan-sp_54,-39.360717,174.513483,Tauwharenikau Valley,asexual,no
acanthoxyla,sp,acan-sp_55,-39.4331,175.378633,Ohakune Lakes Reserve,asexual,no
acanthoxyla,sp,acan-sp_56,-39.646783,175.721667,"Paengaroa Scenic Reserve, Mataroa, near Taihape",asexual,no
acanthoxyla,sp,acan-sp_57,-39.671983,175.794967,"Taihape, Mt Stewart",asexual,no
acanthoxyla,sp,acan-sp_58,-39.762267,176.040233,"Rangitane, Kawhatau Base, Ruahine State Forest Pk                      ",asexual,no
acanthoxyla,sp,acan-sp_59,-40.371967,175.6224,"Palmerston North, The Esplanade",asexual,no
acanthoxyla,sp,acan-sp_60,-40.194633,176.085217,Dannevirke,asexual,no
acanthoxyla,sp,acan-sp_61,-40.424017,176.226317,"4.7km N of Waihi Valley Rd, on road from Waipatiki to Waimiro",asexual,no
acanthoxyla,sp,acan-sp_62,-40.420167,176.03155,"Waewaepa Scenic Res., Puketoi Ra",asexual,no
acanthoxyla,sp,acan-sp_63,-40.559583,176.054583,"Puketoi Ra, Pahiatua-Pongaroa Rd, NE of Makuri, 6.7km N of road JCT in Makuri",asexual,no
acanthoxyla,sp,acan-sp_64,-40.7735,176.044617,"11.4 km NW of Tinui, on road to Eketahuna",asexual,no
acanthoxyla,sp,acan-sp_65,-40.865817,176.145333,"Tinui, 3.0 km east of junction of Castle Point Rd and Tinui Vly Rd",asexual,no
acanthoxyla,sp,acan-sp_66,-40.900483,175.468167,"Donnelley's clearing Trk, Mt Holdsworth",asexual,no
acanthoxyla,sp,acan-sp_67,-40.993233,175.50235,"Fensham Scenic Reserve, Carterton",asexual,no
acanthoxyla,sp,acan-sp_68,-1547.166667,1019.333333,Mt Holdsworth,asexual,no
acanthoxyla,sp,acan-sp_69,-41.028217,175.95685,Ngaumu State Forest,asexual,no
acanthoxyla,sp,acan-sp_70,-41.410267,175.364667,"Waikuku Lodge, Haurangi Mountains",asexual,no
acanthoxyla,sp,acan-sp_71,-41.420183,175.357617,"Sutherland Vehicle Trk, Turanganui River East branch, Haurangi Mountains",asexual,no
acanthoxyla,sp,acan-sp_72,-40.8276,174.94515,Nth end of Kapiti Is,asexual,no
acanthoxyla,sp,acan-sp_73,-41.10565,175.291467,"Abbotts Creek, Rimutaka Hill Rd",asexual,no
acanthoxyla,sp,acan-sp_74,-41.277333,174.755333,"Wellington, Northland, Creswick Tce",asexual,no
acanthoxyla,sp,acan-sp_75,-41.26715,174.757483,"Wellington, Otari-Wiltons Bush",asexual,no
acanthoxyla,sp,acan-sp_76,-41.2955,174.826167,"Wellington, Miramar, 164 Nevay Rd",asexual,no
acanthoxyla,sp,acan-sp_77,-41.302183,174.72145,"South Karori Rd, Bargh farm",asexual,no
acanthoxyla,sp,acan-sp_78,-41.0701,175.233617,"Rimutaka Forest Pk, Kaitoke, Smiths Creek Trk",asexual,no
acanthoxyla,sp,acan-sp_79,-41.104167,175.082433,"Totara Pk, Upper Hutt Rover Rd",asexual,no
acanthoxyla,sp,acan-sp_80,-41.3394,174.978883,"Orongorongo River Valley, Rimutaka State Forest Pk",asexual,no
acanthoxyla,sp,acan-sp_81,-41.348133,174.928167,"Catchpool Valley, Rimutaka Forest Pk",asexual,no
acanthoxyla,sp,acan-sp_82,-41.127917,174.1413,"Queen Charlotte Track, Kenepuru Saddle, manuka forest",asexual,no
acanthoxyla,sp,acan-sp_83,-41.2719,173.905867,"Top Cottage (Vallence residence), near Anakiwa",asexual,no
acanthoxyla,sp,acan-sp_84,-40.619883,172.54765,"Whanganui Inlet, Kaituna Track",asexual,no
acanthoxyla,sp,acan-sp_85,-40.7097,172.364483,Anatori River Valley,asexual,no
acanthoxyla,sp,acan-sp_86,-40.769033,172.706917,Washbourn Scenic Reserve,asexual,no
acanthoxyla,sp,acan-sp_87,-41.364817,173.081717,"Brightwater, Nelson",asexual,no
acanthoxyla,sp,acan-sp_88,-41.393167,173.183733,"Nelson, Roding",asexual,no
acanthoxyla,sp,acan-sp_89,-41.220483,173.569183,"Rai, Nelson",asexual,no
acanthoxyla,sp,acan-sp_90,-41.240167,173.321167,"Nelson City, Atawhai",asexual,no
acanthoxyla,sp,acan-sp_91,-41.300783,173.571917,Pelorus Bridge,asexual,no
acanthoxyla,sp,acan-sp_92,-41.70301667,173.8705333,"Awatere Valley, Blairich Station, Black Birch Stream",asexual,no
acanthoxyla,sp,acan-sp_93,-42.259583,173.810533,"Halfmoon Bay Track head, along SH1",asexual,no
acanthoxyla,sp,acan-sp_94,-41.815683,171.6005,"Hwy 6 near Westport, turnoff for Buckland Peaks Track (KM025)",asexual,no
acanthoxyla,sp,acan-sp_95,-42.102083,171.40155,"Bullock Creek, Punakaiki",asexual,no
acanthoxyla,sp,acan-sp_96,-42.346233,171.386917,"Blackball, Blackball Rd",asexual,no
acanthoxyla,sp,acan-sp_97,-42.40865,171.257733,"Runanga, Coal Creek Walkway",asexual,no
acanthoxyla,sp,acan-sp_98,-43.2254,170.155517,"Okarito, Okarito Trig Walk",asexual,no
acanthoxyla,sp,acan-sp_99,-43.23975,170.127167,"Three Mile Lagoon Trk, Okarito",asexual,no
acanthoxyla,sp,acan-sp_100,-43.381,170.162483,Canavans Knob,asexual,no
acanthoxyla,sp,acan-sp_101,-43.911583,168.897783,"Hapuka Estuary, Okuru",asexual,no
acanthoxyla,sp,acan-sp_102,-43.941517,169.2968,"Roadside, 1-2 km east of track to Roaring Billy Falls, SH6",asexual,no
acanthoxyla,sp,acan-sp_103,-43.970583,168.6113,"Jacksons Bay, Wharekai-Tekou walk",asexual,no
acanthoxyla,sp,acan-sp_104,-44.117433,168.540017,"Red Hills, Jackson River Rd",asexual,no
acanthoxyla,sp,acan-sp_105,-45.858333,170.538333,"Dunedin, Dunedin water works",asexual,no
acanthoxyla,sp,acan-sp_106,-45.926167,170.029833,"Waipori Falls Rd, second picnic area",asexual,no
acanthoxyla,sp,acan-sp_107,-44.705117,167.96965,"Milford, Gulliver River Valley, Graves-Talbot Trk",asexual,no
acanthoxyla,sp,acan-sp_108,-45.193167,167.833767,"Te Anau Downs, roadside, 44 km S of Knobs Flat, SH94",asexual,no
acanthoxyla,sp,acan-sp_109,-45.23565,167.81295,"Te Anau Downs, Henry Creek",asexual,no
acanthoxyla,sp,acan-sp_110,-45.441017,167.686483,"Te Anau, Te Anau Control Gates",asexual,no
acanthoxyla,sp,acan-sp_111,-45.990217,167.383217,Lake Hauroko jetty,asexual,no
acanthoxyla,sp,acan-sp_112,-46.347583,167.854817,"Lake George, west of Riverton",asexual,no
acanthoxyla,sp,acan-sp_113,-46.353667,168.007433,"Riverton, Riverton Railway Bridge",asexual,no
acanthoxyla,sp,acan-sp_114,-46.473333,168.293333,"Sandy Point, Daffodil Bay",asexual,no
acanthoxyla,sp,acan-sp_115,-46.552817,169.47445,"The Catlins, Papatowai, Old Coach Rd",asexual,no
acanthoxyla,sp,acan-sp_116,-46.6135,168.3535,"Bluff, Glory Trk",asexual,no
acanthoxyla,sp,acan-sp_117,-46.9011,168.125983,"Stewart I, Oban, Excelsior Rd",asexual,no
acanthoxyla,sp,acan-sp_118,-46.926017,168.131317,Ulva Island,asexual,no
acanthoxyla,sp,acan-sp_119,-47.229667,167.553833,"Port Pegasus, Head of Sylvan Cove",asexual,no
acanthoxyla,sp,acan-sp_120,-35.5625,174.49945,Whale Bay,asexual,no
acanthoxyla,sp,acan-sp_121,-37.56285,178.15225,"Waenga Bush, Lottin Pt Rd",asexual,no
acanthoxyla,sp,acan-sp_122,-37.606367,178.153883,"Waiaroho, East Cape",asexual,no
acanthoxyla,sp,acan-sp_123,-44.3371,168.007283,"Martins Bay, along track to seal colony",asexual,no
acanthoxyla,sp,acan-sp_124,-45.691433,166.715783,"Dusky Sound, Resolution Is",asexual,no
acanthoxyla,sp,acan-sp_125,-46.027467,166.539067,"Chalky Inlet, Passage Is",asexual,no
acanthoxyla,sp,acan-sp_126,-39.85725,176.900867,"Mohi Bush [Reserve], fork of Tk ",asexual,no
acanthoxyla,sp,acan-sp_127,-43.760067,169.1491,Ship Creek,asexual,no
acanthoxyla,sp,acan-sp_128,-39.318233,176.535417,"Puketitiri, Little Bush Res",asexual,no
acanthoxyla,sp,acan-sp_129,-38.46675,178.049633,Waimata Valley,asexual,no
acanthoxyla,sp,acan-sp_130,-39.124283,177.875233,Mahia Peninsula,asexual,no
acanthoxyla,sp,acan-sp_131,-42.4297,171.295883,Sewell Peak,asexual,no
acanthoxyla,sp,acan-sp_132,-43.4857,172.68725,Travis Wetland,asexual,no
acanthoxyla,sp,acan-sp_133,-40.907517,172.85455,Rameka,asexual,no
acanthoxyla,sp,acan-sp_134,-34.47249973,172.7644164,Te Paki,sexual,no
argosarchus,horridus,argo-sp_1,-36.21805,175.0546333,Hauturu,sexual,no
argosarchus,horridus,argo-sp_2,-36.53451667,175.3995667,"Mt Moehau, Coromandel Pen.",sexual,no
argosarchus,horridus,argo-sp_3,-36.5434,175.4093667,Mount Moehau,sexual,no
argosarchus,horridus,argo-sp_4,-36.87255,175.53975,Mahakirau,sexual,no
argosarchus,horridus,argo-sp_5,-37.56513333,178.1517333,"Lottin Pt Rd, Waenga Bush",sexual,no
argosarchus,horridus,argo-sp_6,-37.59993333,178.29955,"Te Koau, Hicks Bay",sexual,no
argosarchus,horridus,argo-sp_7,-37.64496667,178.3043,"Karakatuwhero Valley, Waipiata",sexual,no
argosarchus,horridus,argo-sp_8,-37.68333333,177.8833333,Pohueroro,sexual,no
argosarchus,horridus,argo-sp_9,-37.68985,178.5472167,East Cape lighthouse Trk,sexual,no
argosarchus,horridus,argo-sp_10,-37.98693333,176.189,"Te Pu, Mamakus",sexual,no
argosarchus,horridus,argo-sp_11,-38.5169,175.5817667,Caterpillar Track,sexual,no
argosarchus,horridus,argo-sp_12,-38.56645,175.7178,"Kakaho, Puerora",sexual,no
argosarchus,horridus,argo-sp_13,-38.63285,177.0321167,Huiarau Saddle,sexual,no
argosarchus,horridus,argo-sp_14,-38.65233333,178.0331,Gisborne,sexual,no
argosarchus,horridus,argo-sp_15,-38.78296667,177.1357,Maori Track,sexual,no
argosarchus,horridus,argo-sp_16,-38.11666667,176.2166667,Rotorua,sexual,no
argosarchus,horridus,argo-sp_17,-39.00311667,176.5538,Napier-Taupo Road,sexual,no
argosarchus,horridus,argo-sp_18,-39.0203,174.7994667,Tahora,sexual,no
argosarchus,horridus,argo-sp_19,-39.104305,176.80325,Boundary Stream,sexual,no
argosarchus,horridus,argo-sp_20,-39.02926667,174.25535,"Otaraoa, Taranaki",sexual,no
argosarchus,horridus,argo-sp_21,-39.29725,174.4792833,Douglas,sexual,no
argosarchus,horridus,argo-sp_22,-39.318833,176.538167,"Puketitiri, Little Bush Res.",sexual,no
argosarchus,horridus,argo-sp_23,-39.32553333,174.2966333,Stratford,sexual,no
argosarchus,horridus,argo-sp_24,-39.3946,175.4271333,Rimu Track,sexual,no
argosarchus,horridus,argo-sp_25,-39.43375,175.3764667,Ohakune Lakes,sexual,no
argosarchus,horridus,argo-sp_26,-39.43841667,175.4539667,Mangaehuehue Reserve,sexual,no
argosarchus,horridus,argo-sp_27,-39.64491667,175.7138333,Paengaroa,sexual,no
argosarchus,horridus,argo-sp_28,-39.67198333,175.7949667,Mt Stewart,sexual,no
argosarchus,horridus,argo-sp_29,-39.72693333,175.1386333,Atene Skyline,sexual,no
argosarchus,horridus,argo-sp_30,-39.796611,176.194611,"E Ruahine Forest, Swamp Tk (Sunrise)",sexual,no
argosarchus,horridus,argo-sp_31,-39.79608333,174.9269167,Bushy Park,sexual,no
argosarchus,horridus,argo-sp_32,-39.961,176.0140167,Oroua River,sexual,no
argosarchus,horridus,argo-sp_33,-40.00783333,176.1778667,Makaretu,sexual,no
argosarchus,horridus,argo-sp_34,-40.0828,175.9066667,Kahikatea Walk,sexual,no
argosarchus,horridus,argo-sp_35,-40.37091667,175.6329167,Palmerston North,sexual,no
argosarchus,horridus,argo-sp_36,-40.37173333,175.61485,Palmerston North,sexual,no
argosarchus,horridus,argo-sp_37,-40.42016667,176.03155,Waewaepa,sexual,no
argosarchus,horridus,argo-sp_38,-40.56205,176.0560667,Puketoi,sexual,no
argosarchus,horridus,argo-sp_39,-40.61816667,175.4818833,Mangaore Dam,sexual,no
argosarchus,horridus,argo-sp_40,-40.6414,172.4818833,"Mangarakau, West Haven, Nelson",sexual,no
argosarchus,horridus,argo-sp_41,-40.70548333,175.6552667,W.A. Miller,sexual,no
argosarchus,horridus,argo-sp_42,-40.7744,175.6173167,Mount Bruce,sexual,no
argosarchus,horridus,argo-sp_43,-40.09168333,175.8295167,Ruahine,sexual,no
argosarchus,horridus,argo-sp_44,-40.85201667,174.9284167,Kapiti,sexual,no
argosarchus,horridus,argo-sp_45,-40.86075,175.8726833,Bideford,sexual,no
argosarchus,horridus,argo-sp_46,-40.99323333,175.50235,Fensham,sexual,no
argosarchus,horridus,argo-sp_47,-41.06081667,175.6038833,Carterton Res,sexual,no
argosarchus,horridus,argo-sp_48,-41.10565,175.2914667,Abbots Creek,sexual,no
argosarchus,horridus,argo-sp_49,-41.24568333,174.7945667,Kandallah,sexual,no
argosarchus,horridus,argo-sp_50,-41.24596667,174.7968333,"Wellington, Khandallah",sexual,no
argosarchus,horridus,argo-sp_51,-41.25116667,174.7808667,"Ngaio, Wellington",sexual,no
argosarchus,horridus,argo-sp_52,-41.26715,174.7574833,Wiltons Bush,sexual,no
argosarchus,horridus,argo-sp_53,-41.26863333,173.29205,Nelson,asexual,no
argosarchus,horridus,argo-sp_54,-41.30678333,174.8993,"Butterfly Ck, Wellington",sexual,no
argosarchus,horridus,argo-sp_55,-41.34708333,174.9694333,Orongorongo,sexual,no
argosarchus,horridus,argo-sp_56,-41.34795,174.9315167,Catchpool Valley,sexual,no
argosarchus,horridus,argo-sp_57,-41.37463333,173.1032333,"Brightwater, Nelson",asexual,no
argosarchus,horridus,argo-sp_58,-41.0817,175.3552167,Featherston,sexual,no
argosarchus,horridus,argo-sp_59,-41.7999,172.3284,Murchison,asexual,no
argosarchus,horridus,argo-sp_60,-41.96811667,173.9835833,"Kekerengu Valley Rd Site 1, Kaikoura",asexual,no
argosarchus,horridus,argo-sp_61,-41.96981667,173.9862167,"Kekerengu Valley Rd Site 2, Kaikoura",asexual,no
argosarchus,horridus,argo-sp_62,-41.13903333,174.82755,Porirua,sexual,no
argosarchus,horridus,argo-sp_63,-42.28621667,173.7304,Puhipuhi,asexual,no
argosarchus,horridus,argo-sp_64,-42.38351667,173.44845,Kahutara River,asexual,no
argosarchus,horridus,argo-sp_65,-42.4297,171.2958833,Sewell Peak,asexual,no
argosarchus,horridus,argo-sp_66,-42.51403333,173.5024,"Oaro, N.Canty.",asexual,no
argosarchus,horridus,argo-sp_67,-41.7032,173.8703,Blackbirch Stream,asexual,no
argosarchus,horridus,argo-sp_68,-42.763,171.4333833,Taipo River Valley,asexual,no
argosarchus,horridus,argo-sp_69,-43.63211667,172.62575,Kennedys Bush,asexual,no
argosarchus,horridus,argo-sp_70,-43.76636667,172.7146,Prices Bush,asexual,no
argosarchus,horridus,argo-sp_71,-43.8897,171.26045,Peel Forest,asexual,no
argosarchus,horridus,argo-sp_72,-44.0012,171.1505333,Waihi Gorge,asexual,no
argosarchus,horridus,argo-sp_73,-44.1844,169.2662167,Brady Creek,asexual,no
argosarchus,horridus,argo-sp_74,-44.34408333,170.8413167,Pareora Reserve,asexual,no
argosarchus,horridus,argo-sp_75,-44.44105,169.2712,Kidds Bush,asexual,no
argosarchus,horridus,argo-sp_76,-44.66473333,170.9727333,Gunns Bush,asexual,no
argosarchus,horridus,argo-sp_77,-44.6796,167.96325,Cleddau Valley,asexual,no
argosarchus,horridus,argo-sp_78,-44.92313333,168.0406167,Eglinton,asexual,no
argosarchus,horridus,argo-sp_79,-45.43998333,167.68555,Te Anau Control Gates,sexual,no
argosarchus,horridus,argo-sp_80,-45.06666667,168.5454167,Twelve Mile Delta,asexual,no
argosarchus,horridus,argo-sp_81,-45.80799,167.52545,Lk Monowai Rd,asexual,no
argosarchus,horridus,argo-sp_82,-45.88163333,170.5508667,The Cove,asexual,no
argosarchus,horridus,argo-sp_83,-45.92663333,170.0296833,Waipori Falls,asexual,no
argosarchus,horridus,argo-sp_84,-45.99021667,167.3832167,Lake Hauroko,asexual,no
argosarchus,horridus,argo-sp_85,-46.0065,168.4326,The Cone Forest,asexual,no
argosarchus,horridus,argo-sp_86,-46.35366667,168.0074333,Riverton Bridge,sexual,no
argosarchus,horridus,argo-sp_87,-37.14344645,175.6596612,Corromandel,sexual,no
argosarchus,horridus,argo-sp_88,-37.42871268,175.7283339,Karangahake Gorge,sexual,no
argosarchus,horridus,argo-sp_89,-35.614445,174.21666,Whangarei,sexual,yes
argosarchus,horridus,argo-sp_90,-38.00246,175.575633,Mangatautari,sexual,yes
argosarchus,horridus,argo-sp_91,-38.937498,175.748709,Tokaanu,sexual,yes
argosarchus,horridus,argo-sp_92,-39.088058,174.060139,New Plymouth,sexual,yes
argosarchus,horridus,argo-sp_93,-39.687322,176.896318,Havelock North,sexual,yes
argosarchus,horridus,argo-sp_94,-40.00796,176.177788,Central Hawkes Bay,sexual,yes
argosarchus,horridus,argo-sp_95,-40.091785,175.829401,Manawatu,sexual,yes
argosarchus,horridus,argo-sp_96,-40.182692,175.824048,Manawatu,sexual,yes
argosarchus,horridus,argo-sp_97,-40.173898,175.883189,Manawatu,sexual,yes
argosarchus,horridus,argo-sp_98,-40.542235,176.194537,Tararua,sexual,yes
argosarchus,horridus,argo-sp_99,-41.527433,173.971375,Blenheim,asexual,yes
argosarchus,horridus,argo-sp_100,-43.438163,172.576278,Waimakiriri,asexual,yes
argosarchus,horridus,argo-sp_101,-43.640955,172.477023,Lincoln,asexual,yes
argosarchus,horridus,argo-sp_102,-43.714741,172.749573,Kaituna Valley,asexual,yes
argosarchus,horridus,argo-sp_103,-45.635641,170.653796,"Karitane, nr Dunedin",asexual,yes
clitarchus,tepaki,clit-tepa_1,-34.407783,173.007183,North Cape Scientific Reserve,sexual,no
clitarchus,tepaki,clit-tepa_2,-34.430017,172.8667,Spirits Bay,sexual,no
clitarchus,tepaki,clit-tepa_3,-34.456383,172.98735,"Waikuku Flat, Tom Bowling Bay",sexual,no
clitarchus,tepaki,clit-tepa_4,-34.4725,172.764417,"Kauri Bush, Te Paki",sexual,no
clitarchus,tepaki,clit-tepa_5,-34.473183,172.764033,"Kauri Bush Trk, Te Paki",sexual,no
clitarchus,tepaki,clit-tepa_6,-34.483333,172.816667,"Trk from Papawiri to Kohuranaki, Te Paki Rec Res",sexual,no
clitarchus,tepaki,clit-tepa_7,-34.4914,172.836517,"Kohuranaki, Te Paki",sexual,no
clitarchus,tepaki,clit-tepa_8,-34.539867,172.92015,"Parengarenga, Paua",sexual,no
clitarchus,tepaki,clit-tepa_9,-34.559417,172.837717,Karatia Rd,sexual,no
clitarchus,rakauwhakanekeneke,clit-raka_1,-35.48060503,174.7437284,Aorangi,sexual,no
clitarchus,rakauwhakanekeneke,clit-raka_2,-35.45391226,174.7390467,Tawhiti Rahi,sexual,no
clitarchus,hookeri,clit-hook_1,-34.79785,173.0648,Trig Rd,sexual,no
clitarchus,hookeri,clit-hook_2,-34.943,173.195183,Heath Rd,sexual,no
clitarchus,hookeri,clit-hook_3,-35.027033,173.198917,Lake Ngatu,sexual,no
clitarchus,hookeri,clit-hook_4,-35.13685,173.879583,"Junction of SH10 and Takou Bay Rd, 2 km N of Te Whau, Kerikeri",sexual,no
clitarchus,hookeri,clit-hook_5,-35.1581,173.42535,"Mangamuka Gorge Scenic Reserve, roadside",sexual,no
clitarchus,hookeri,clit-hook_6,-35.184483,173.1219,"Ahipara, road to Gumlands",sexual,no
clitarchus,hookeri,clit-hook_7,-35.205,173.183583,"Herekino Gorge, Kaitaia Awaroa Rd",sexual,no
clitarchus,hookeri,clit-hook_8,-35.209783,173.194167,"Herekino Forest Track, Herekino Forest",sexual,no
clitarchus,hookeri,clit-hook_9,-35.32085,174.0656,"Opua Forest, Oromahoe Rd",sexual,no
clitarchus,hookeri,clit-hook_10,-35.358283,173.250733,"Pawarenga, Warawara Forest",sexual,no
clitarchus,hookeri,clit-hook_11,-35.369317,173.283367,Warawara Forest,sexual,no
clitarchus,hookeri,clit-hook_12,-35.4445,173.755167,Whakaruangangana gumland,sexual,no
clitarchus,hookeri,clit-hook_13,-35.53775,173.382517,"Corner Signal Station Rd & SH12, Pakia rest area, Omapere",sexual,no
clitarchus,hookeri,clit-hook_14,-35.652183,173.557083,Waipoua Forest,sexual,no
clitarchus,hookeri,clit-hook_15,-35.939817,175.146367,"Fanal I, Mokohinau Is",sexual,no
clitarchus,hookeri,clit-hook_16,-35.895967,173.806117,"Roadside SH12, 2 km N of Babylon Coast Rd, Dargaville",sexual,no
clitarchus,hookeri,clit-hook_17,-35.720467,173.649333,Trounson Kauri Park,sexual,no
clitarchus,hookeri,clit-hook_18,-36.060267,174.572633,"Roadside, Cove Rd, Robert Hastie Reserve",sexual,no
clitarchus,hookeri,clit-hook_19,-35.866833,173.735833,"Maitahi Wetland Scientific Reserve, Maitahi Rd",sexual,no
clitarchus,hookeri,clit-hook_20,-35.922667,173.854383,"Memorial Park, Dargaville",sexual,no
clitarchus,hookeri,clit-hook_21,-36.06728283,174.5756056,Brynderwyn,sexual,no
clitarchus,hookeri,clit-hook_22,-35.8866,174.7783,"Coppermine I, Hen and Chicken Is, track campsite to Lighthouse",sexual,no
clitarchus,hookeri,clit-hook_23,-36.11354,174.55425,NW of Mangawhai,sexual,no
clitarchus,hookeri,clit-hook_24,-36.505067,174.793523,"Home Bay, Motuora I",sexual,no
clitarchus,hookeri,clit-hook_25,-36.504717,174.789933,"Still Bay, Motuora I",sexual,no
clitarchus,hookeri,clit-hook_26,-36.351667,174.302,"Tapora, West of Wellsford",sexual,no
clitarchus,hookeri,clit-hook_27,-36.537517,174.705283,"Wenderholm Regional Park, Waiwera",sexual,no
clitarchus,hookeri,clit-hook_28,-36.5118,174.662433,"Puhoi Motorway extension, Puhoi",sexual,no
clitarchus,hookeri,clit-hook_29,-36.447183,174.4419,Mt Auckland,sexual,no
clitarchus,hookeri,clit-hook_30,-36.695,174.696667,"Wright Rd, Redvale, Albany",sexual,no
clitarchus,hookeri,clit-hook_31,-36.893717,174.450967,"Bethells, Matuku Res",sexual,no
clitarchus,hookeri,clit-hook_32,-36.925583,174.603083,"Oratia, Auckland",sexual,no
clitarchus,hookeri,clit-hook_33,-36.840233,174.612183,"Massey, Auckland, off Don Bucks Rd",sexual,no
clitarchus,hookeri,clit-hook_34,-36.782183,174.993417,Waiheke Is,sexual,no
clitarchus,hookeri,clit-hook_35,-36.93555,174.635317,"Titirangi, Auckland",sexual,no
clitarchus,hookeri,clit-hook_36,-36.696733,174.9738,"Noises Is, Otata I",sexual,no
clitarchus,hookeri,clit-hook_37,-36.888233,174.6169,"Shona restoration plot, Border Rd, Opanuku stream, Henderson",sexual,no
clitarchus,hookeri,clit-hook_38,-36.7266,174.6917,"Gills Reserve, Albany, North Shore",sexual,no
clitarchus,hookeri,clit-hook_39,-36.72345,174.691967,"Lucas Creek, Albany",sexual,no
clitarchus,hookeri,clit-hook_40,-36.831817,174.426317,"Muriwai Beach, Maori Bay Trk",sexual,no
clitarchus,hookeri,clit-hook_41,-36.929333,174.751133,"Hillsborough, Auckland",sexual,no
clitarchus,hookeri,clit-hook_42,-36.889583,174.726667,"Auckland, Mt Albert Res Centre",sexual,no
clitarchus,hookeri,clit-hook_43,-36.8978,174.709317,"Owairaka, Auckland",sexual,no
clitarchus,hookeri,clit-hook_44,-36.876417,174.795617,Remuera,sexual,no
clitarchus,hookeri,clit-hook_45,-36.866583,174.8284,"Auckland, Meadowbank",sexual,no
clitarchus,hookeri,clit-hook_46,-36.916667,174.45,"Anawhata, Auckland",sexual,no
clitarchus,hookeri,clit-hook_47,-36.9661,174.611717,"Parau Trk, Lower Nihoputu Reservoir, Auckland",sexual,no
clitarchus,hookeri,clit-hook_48,-36.9767,175.256317,"Tapapakanga Reg.Park, Orere",sexual,no
clitarchus,hookeri,clit-hook_49,-37.04155,175.290367,"Waharau Reg.Park, Hunua Ranges",sexual,no
clitarchus,hookeri,clit-hook_50,-36.726617,175.614583,"Whangapoua, 4.6 km N of SH25 turnoff and Te Rerenga, Coromandel",sexual,no
clitarchus,hookeri,clit-hook_51,-36.2196,175.056817,"Little Barrier I, DoC Rangers graden",sexual,no
clitarchus,hookeri,clit-hook_52,-36.215667,175.057933,"Valley Track, Little Barrier Island",sexual,no
clitarchus,hookeri,clit-hook_53,-36.241583,175.399533,"Great Barrier I, Whangaparapara, Witheys Track",sexual,no
clitarchus,hookeri,clit-hook_54,-36.18335,175.37695,"Great Barrier I, Kaiarara Valley",sexual,no
clitarchus,hookeri,clit-hook_55,-36.8804,175.428117,"Wilson Bay, SH25 roadside, 2.5 km N of Tapu, Coromandel",sexual,no
clitarchus,hookeri,clit-hook_56,-36.974767,176.081283,"Ruamahuaiti Is, Alderman Is",sexual,no
clitarchus,hookeri,clit-hook_57,-36.658383,175.84875,"Mercury Is, Korapuki",sexual,no
clitarchus,hookeri,clit-hook_58,-37.026667,175.525,Waiomu,sexual,no
clitarchus,hookeri,clit-hook_59,-36.51195,175.419183,"3.7 km N of Stony Bay, on road to Stony Bay, Port Charles area",sexual,no
clitarchus,hookeri,clit-hook_60,-37.143183,175.65905,"Start of Piranui trk, Kopu-Hikuai Rd",sexual,no
clitarchus,hookeri,clit-hook_61,-37.147633,175.670767,"Coromandel summit, Kopu-Hikuai road",sexual,no
clitarchus,hookeri,clit-hook_62,-36.755367,175.726733,"Kuaotona (Kuaotunu), Wharekano Rd, rest area, near Whitianga",sexual,no
clitarchus,hookeri,clit-hook_63,-36.669733,175.454267,"19 km N of Coromandel town, S of Colville",sexual,no
clitarchus,hookeri,clit-hook_64,-37.121317,175.62925,"Kauaeranga Valley, Thames",sexual,no
clitarchus,hookeri,clit-hook_65,-37.393267,175.835917,Waihi,sexual,no
clitarchus,hookeri,clit-hook_66,-37.305217,176.256017,Mayor Island,sexual,no
clitarchus,hookeri,clit-hook_67,-37.279433,175.324033,"Waitakaruru Reserve, roadside",sexual,no
clitarchus,hookeri,clit-hook_68,-37.967533,175.154283,"Mangakora Nature Walk, Mt Pirongia",sexual,no
clitarchus,hookeri,clit-hook_69,-37.88,174.792333,"Mt Karioi, Pirongia State Forest Pk, Start of Waireke Track",sexual,no
clitarchus,hookeri,clit-hook_70,-37.907333,174.898667,Bridal Veil Falls,sexual,no
clitarchus,hookeri,clit-hook_71,-37.859867,175.53075,"Cambridge, Maungakawa Scenic Reserve",sexual,no
clitarchus,hookeri,clit-hook_72,-37.520267,175.727317,"Mt Te Aroha, bottom of Summit Rd",sexual,no
clitarchus,hookeri,clit-hook_73,-38.283333,175.666667,"Waipapa Scenic Reserve, Lake Waipapa",sexual,no
clitarchus,hookeri,clit-hook_74,-37.811283,175.293733,"Hillcrest, Hamilton",sexual,no
clitarchus,hookeri,clit-hook_75,-38.052533,174.863933,"SH31, 3 km E of Kawhia",sexual,no
clitarchus,hookeri,clit-hook_76,-37.61051986,175.1545609,Hakarimata,sexual,no
clitarchus,hookeri,clit-hook_77,-37.42871268,175.7283339,Karangahake Gorge,sexual,no
clitarchus,hookeri,clit-hook_78,-37.544367,175.873283,"Katikati, Track at top of Lindeman Rd",sexual,no
clitarchus,hookeri,clit-hook_79,-37.5048,175.869533,"Waitengaue Stm, Kaimai Ra",sexual,no
clitarchus,hookeri,clit-hook_80,-38.100033,176.429267,"Lk Okataina, S end of Lk Okataina Rd, near lodge",sexual,no
clitarchus,hookeri,clit-hook_81,-37.986717,176.18795,"Te Pu, Mamaku",sexual,no
clitarchus,hookeri,clit-hook_82,-37.855267,176.974117,Moutohora Island,sexual,no
clitarchus,hookeri,clit-hook_83,-37.546717,178.105867,Omaruparoa,asexual,no
clitarchus,hookeri,clit-hook_84,-37.565583,178.040217,Rereauira,asexual,no
clitarchus,hookeri,clit-hook_85,-37.595233,178.320183,Te Koau,asexual,no
clitarchus,hookeri,clit-hook_86,-37.654033,178.29685,Karakatuwhero V.,asexual,no
clitarchus,hookeri,clit-hook_87,-37.591117,178.292333,Hicks Bay? East Cape,asexual,no
clitarchus,hookeri,clit-hook_88,-38.8163,177.1357,"Maori Track, Awaawaroa Strm, Lake Waikaremoana, Te Urewera Nat.Pak.",asexual,no
clitarchus,hookeri,clit-hook_89,-37.6064,178.313933,"Te Araroa Campground, East Cape",asexual,no
clitarchus,hookeri,clit-hook_90,-37.6898,178.547267,"East Cape Lighthouse Trk, Otiki",asexual,no
clitarchus,hookeri,clit-hook_91,-38.808,177.153833,"Lake Whakamarino, Lake Waikaremoana",asexual,no
clitarchus,hookeri,clit-hook_92,-39.074283,177.128433,"Mohaka River, SH2 rest area",asexual,no
clitarchus,hookeri,clit-hook_93,-38.8959,174.599167,"Summit of Mt Messenger, SH 3",sexual,no
clitarchus,hookeri,clit-hook_94,-39.155183,174.699767,"Whangamomona Saddle, Awahou Ridge Track, top of saddle",sexual,no
clitarchus,hookeri,clit-hook_95,-39.396167,176.314333,"Gentle Annie Rd, West of Kuripapango",asexual,no
clitarchus,hookeri,clit-hook_96,-39.726933,175.08318,"Atene Skyline Tk, north entrance",sexual,no
clitarchus,hookeri,clit-hook_97,-39.8495,175.123283,5.7 km N of Upokongaro,sexual,no
clitarchus,hookeri,clit-hook_98,-40.0828,175.906667,"Kahikatea walkway, Pohangina Valley",asexual,no
clitarchus,hookeri,clit-hook_99,-40.22435,176.272033,Te Uri/Dannevirke,asexual,no
clitarchus,hookeri,clit-hook_100,-40.396317,176.237633,"4.7 km N of Waihi Valley Rd, on road from Waimiro to Waipatiki, Wairarapa",asexual,no
clitarchus,hookeri,clit-hook_101,-40.559583,176.054583,"Puketoi Ra, Pahiatua-Pongaroa Rd, NE of Makuri, 6.7km N of road JCT in Makuri",asexual,no
clitarchus,hookeri,clit-hook_102,-40.55995,176.405033,8.5 km N of Akitio Esplanade on Coast Rd,asexual,no
clitarchus,hookeri,clit-hook_103,-40.86075,175.872683,"Bideford, Waterfalls Rd",asexual,no
clitarchus,hookeri,clit-hook_104,-40.865817,176.145333,"Tinui, 3 km E of junction of Castle Point Rd and Tinui Vly Rd",asexual,no
clitarchus,hookeri,clit-hook_105,-40.900483,175.468167,"Donnelly's clearing, Mt Holdsworth",asexual,no
clitarchus,hookeri,clit-hook_106,-40.993233,175.50235,"Fensham Scenic Reserve, Carterton",asexual,no
clitarchus,hookeri,clit-hook_107,-41.028217,175.95685,Ngaumu State Forest,asexual,no
clitarchus,hookeri,clit-hook_108,-41.4497,175.240883,"Putangirua Pinnacles, Haurangi Mountains",asexual,no
clitarchus,hookeri,clit-hook_109,-40.86,175.05,"Jacks Bush Rd, Waikanae",sexual,no
clitarchus,hookeri,clit-hook_110,-41.274617,174.752133,"145 Creswick Tce, Northland, Wellington",sexual,no
clitarchus,hookeri,clit-hook_111,-41.26715,174.757483,"Otari-Wiltons Bush, Wellington",sexual,no
clitarchus,hookeri,clit-hook_112,-41.251233,174.9088,"Francis Bell Res, Pt Howard, Wellington",sexual,no
clitarchus,hookeri,clit-hook_113,-41.0701,175.233617,"Smiths Creek Tk, Kaitoke, Rimutaka Forest Pk",sexual,no
clitarchus,hookeri,clit-hook_114,-41.24735,174.794483,"Khandallah, Wellington",sexual,no
clitarchus,hookeri,clit-hook_115,-41.297833,174.825533,Miramar Res.,sexual,no
clitarchus,hookeri,clit-hook_116,-41.25615,174.95395,"Wainui-o-mata, Wgtn",sexual,no
clitarchus,hookeri,clit-hook_117,-41.3394,174.978883,"Orongorongo River Valley, Rimutaka State Forest Pk",asexual,no
clitarchus,hookeri,clit-hook_118,-41.111817,173.66375,Okiwi Bay,asexual,no
clitarchus,hookeri,clit-hook_119,-40.838067,174.001,Trio Is (iii),asexual,no
clitarchus,hookeri,clit-hook_120,-41.311667,173.292333,"Brook Motor Camp, Nelson",asexual,no
clitarchus,hookeri,clit-hook_121,-41.3762,173.09905,"Brightwater, Nelson",asexual,no
clitarchus,hookeri,clit-hook_122,-41.304717,173.223017,"Nelson, Monaco",asexual,no
clitarchus,hookeri,clit-hook_123,-41.1569,173.418883,"Paremata Reserve, Delaware Bay, Waipuka Rivermouth",asexual,no
clitarchus,hookeri,clit-hook_124,-42.286217,173.7304,"0.5 km S of carpark, Puhipuhi Scenic Reserve, Kaikoura",asexual,no
clitarchus,hookeri,clit-hook_125,-42.336033,173.640633,"Mt Fyffe, Fyffe Palmer Scenic Reserve",asexual,no
clitarchus,hookeri,clit-hook_126,-42.35145,173.567233,Mt Fyffe carpark,asexual,no
clitarchus,hookeri,clit-hook_127,-42.9428,173.247017,Napenape Scenic Reserve,asexual,no
clitarchus,hookeri,clit-hook_128,-43.63155,172.624767,"Kennedys Bush Scenic Reserve, Port Hills, Banks Peninsula",asexual,no
clitarchus,hookeri,clit-hook_129,-43.8992,171.234033,Peel Forest,asexual,no
clitarchus,hookeri,clit-hook_130,-43.766367,172.7146,"Prices Valley, Banks Peninsula",asexual,no
clitarchus,hookeri,clit-hook_131,-43.783233,172.834283,"Banks Peninsula, Okuti Scenic Reserve",asexual,no
clitarchus,hookeri,clit-hook_132,-45.891683,170.451967,"Dunedin City Reservoir, Dunedin",asexual,no
clitarchus,hookeri,clit-hook_133,-45.9298,170.0559,"Waipori Falls Rd, first picnic area",asexual,no
clitarchus,hookeri,clit-hook_134,-35.2708,173.184167,"Herekino Nth Head, Rangikohu Rd, far end",sexual,no
clitarchus,hookeri,clit-hook_135,-35.288533,174.087,Paihia,sexual,no
clitarchus,hookeri,clit-hook_136,-35.538583,173.383117,Omapere,sexual,no
clitarchus,hookeri,clit-hook_137,-35.612317,174.4851,"Brattys Bush Scenic Res, Tutukaka",sexual,no
clitarchus,hookeri,clit-hook_138,-35.8493,174.53385,"Bream Head, Peach Cove Trk, Whangarei Heads",sexual,no
clitarchus,hookeri,clit-hook_139,-36.038317,174.50765,"Brynderwyn Trk, East side from Waipu Cove",sexual,no
clitarchus,hookeri,clit-hook_140,-35.5625,174.49945,Whale Bay,sexual,no
clitarchus,hookeri,clit-hook_141,-35.885193,174.12625,Tangihua Forest lodge,sexual,no
clitarchus,hookeri,clit-hook_142,-37.29505,176.260567,"Mayor Island, Panui pen. On track to Western Bay",sexual,no
clitarchus,hookeri,clit-hook_143,-41.968117,173.983583,"Kekerenga Valley Rd Site 1, Kaikoura",sexual,no
clitarchus,hookeri,clit-hook_144,-45.773017,170.574467,Dunedin,asexual,no
clitarchus,hookeri,clit-hook_145,-45.84685,170.657417,Portobello,asexual,no
clitarchus,hookeri,clit-hook_146,-43.756417,172.9718,Robinson Bay,asexual,no
clitarchus,hookeri,clit-hook_147,-42.272517,173.651433,Hapuku hut,asexual,no
clitarchus,hookeri,clit-hook_148,-40.553333,172.603033,Whanganui Inlet,asexual,no
clitarchus,hookeri,clit-hook_149,-41.026517,173.886667,Maud Island,asexual,no
clitarchus,hookeri,clit-hook_150,-41.16095,174.235317,Snake Point,asexual,no
clitarchus,hookeri,clit-hook_151,-41.177133,174.311083,Arapawa,asexual,no
clitarchus,hookeri,clit-hook_152,-40.4691,175.24745,Foxton,sexual,no
clitarchus,hookeri,clit-hook_153,-41.082317,175.355833,Featherston,asexual,no
clitarchus,hookeri,clit-hook_154,-39.673233,177.038317,Kidnappers,asexual,no
clitarchus,hookeri,clit-hook_155,-36.9751,175.843383,Pumpkin hill,sexual,no
niveaphasma,annulata,nive-annu_1,-43.021529,171.595373,"Bealey Bridge, start of Waimakariri Track, east of Arthurs Pass",NA,no
niveaphasma,annulata,nive-annu_2,-44.160288,170.226288,"Te Kohia I, Lake Pukaki",NA,no
niveaphasma,annulata,nive-annu_3,-44.5215,168.55447,Dart Hut,NA,no
niveaphasma,annulata,nive-annu_4,-44.689708,169.16791,"Mount Iron, Wanaka",NA,no
niveaphasma,annulata,nive-annu_5,-44.875031,169.903908,"Falls Dam, Home Hills",NA,no
niveaphasma,annulata,nive-annu_6,-44.975789,169.05744,Pisa Range,NA,no
niveaphasma,annulata,nive-annu_7,-45.004141,169.048173,Pisa Range,NA,no
niveaphasma,annulata,nive-annu_8,-45.05572,169.13619,"Kawarau Gorge, near Cromwell",NA,no
niveaphasma,annulata,nive-annu_9,-45.059628,169.213405,Dunstan Mountains,NA,no
niveaphasma,annulata,nive-annu_10,-45.059909,168.948768,"Mt Rosa, Hector Mtns",NA,no
niveaphasma,annulata,nive-annu_11,-45.082329,169.321441,Dunstan Mountains,NA,no
niveaphasma,annulata,nive-annu_12,-45.11052,169.3089,Cromwell Gorge,NA,no
niveaphasma,annulata,nive-annu_13,-45.1575,168.3994,"Nicholas Saddle, Eyre Mtns",NA,no
niveaphasma,annulata,nive-annu_14,-45.171536,169.019904,Carrick Range,NA,no
niveaphasma,annulata,nive-annu_15,-45.258113,169.420161,"Little Valley Road, Alexandra",NA,no
niveaphasma,annulata,nive-annu_16,-45.40852,169.256388,"Old Man Range, Shingle Creek",NA,no
niveaphasma,annulata,nive-annu_17,-45.42839,169.26278,"Shingle Creek, Old Man Range",NA,no
niveaphasma,annulata,nive-annu_18,-45.536896,167.305727,"Lake Manapouri, West Arm, Wolfe Burn",NA,no
niveaphasma,annulata,nive-annu_19,-45.80152,170.502748,"Dunedin, Leith Saddle",NA,no
niveaphasma,annulata,nive-annu_20,-45.812051,169.819794,"Eastern end of Lammerlaw Ra, near Lake Mahinerangi",NA,no
niveaphasma,annulata,nive-annu_21,-45.873995,170.143676,Mt Maungatua,NA,no
niveaphasma,annulata,nive-annu_22,-43.0336,171.7610667,Ridge east of Cass Field Station,NA,no
niveaphasma,annulata,nive-annu_23,-43.03388333,171.7621,"Cass Field Station, Arthurs Pass",NA,no
niveaphasma,annulata,nive-annu_24,-43.73765,170.0965,"Start of Governors Bush Trk, Mt Cook Village",NA,no
niveaphasma,annulata,nive-annu_25,-44.249,169.79665,Lake Ohau Ski Field Rd,NA,no
niveaphasma,annulata,nive-annu_26,-44.25595,169.8280333,"Lake Ohau roadside, Freehold Crk, Lake Ohau",NA,no
niveaphasma,annulata,nive-annu_27,-44.4908,168.77835,"Matukituki River, West Branch, near MacPherson Crk",NA,no
niveaphasma,annulata,nive-annu_28,-44.66473333,170.9727333,"Gunns Bush, Hunter Hills",NA,no
niveaphasma,annulata,nive-annu_29,-44.86666667,168.95,"Mt Cardona, Crown Range",NA,no
niveaphasma,annulata,nive-annu_30,-44.8947,168.084,"Roadside SH94, Cascade Crk, Eglinton River Valley",NA,no
niveaphasma,annulata,nive-annu_31,-44.89576667,168.0838667,"Cascade Creek, Eglinton Valley",NA,no
niveaphasma,annulata,nive-annu_32,-44.945,170.2366667,"Mount Buster, Little Kye Burn, Ida Range",NA,no
niveaphasma,annulata,nive-annu_33,-44.99221667,168.93945,Crown Range lookout,NA,no
niveaphasma,annulata,nive-annu_34,-44.99236667,168.9396333,Lake Monowai Road,NA,no
niveaphasma,annulata,nive-annu_35,-44.1071,169.8167,"Start of track along north branch of Temple Stream, north of Lk Ohau",NA,no
niveaphasma,annulata,nive-annu_36,-45.02958333,168.7858,"The Remarkables, Rastus Burn Rd",NA,no
niveaphasma,annulata,nive-annu_37,-45.15561,169.12819,"Carrick Ra, Nevis Rd",NA,no
niveaphasma,annulata,nive-annu_38,-45.18775,169.29855,"Clyde lookout, Earnscleugh River",NA,no
niveaphasma,annulata,nive-annu_39,-45.29183333,169.3446667,"Butchers Dam, Alexandra",NA,no
niveaphasma,annulata,nive-annu_40,-45.43391667,169.9404,"Taieri River, Rock and Pillar Range",NA,no
niveaphasma,annulata,nive-annu_41,-45.45715,170.4173,"Emerald Creek, Macraes Flat",NA,no
niveaphasma,annulata,nive-annu_42,-45.55356667,169.02035,"Piano Flat, Waikaia Bush",NA,no
niveaphasma,annulata,nive-annu_43,-45.5542,169.0189667,"Piano Flat, Waikaia Bush",NA,no
niveaphasma,annulata,nive-annu_44,-45.55436667,169.0186333,"Piano Flat, Waikaia Bush",NA,no
niveaphasma,annulata,nive-annu_45,-45.58423333,168.37365,"Five Rivers farm, Cromel Strm",NA,no
niveaphasma,annulata,nive-annu_46,-45.59436667,167.9515,"Princhester Hut, Takitimu Mountains",NA,no
niveaphasma,annulata,nive-annu_47,-45.72035,167.73575,"Windy Creek, Takitimu Mountains",NA,no
niveaphasma,annulata,nive-annu_48,-45.72166667,169.47,"Rigney, between Beaumont and Millers Flat",NA,no
niveaphasma,annulata,nive-annu_49,-45.08828333,169.33765,"Leaning Rock, Dunstan Mountains",NA,no
niveaphasma,annulata,nive-annu_50,-45.8451,170.5026833,"Dunedin Water Reservoir, Dunedin City",NA,no
niveaphasma,annulata,nive-annu_51,-45.88233333,170.5501833,"The Cove, Dunedin City",NA,no
niveaphasma,annulata,nive-annu_52,-45.90458333,169.9850333,Waipori Dam,NA,no
niveaphasma,annulata,nive-annu_53,-45.92628333,170.0301333,"Waipori Falls, second picnic area",NA,no
niveaphasma,annulata,nive-annu_54,-45.92915,170.0551,"Waipori Falls, first picnic area",NA,no
niveaphasma,annulata,nive-annu_55,-45.95793333,169.4712833,"Beaumont-Rongahere Rd, Blue Mountains",NA,no
niveaphasma,annulata,nive-annu_56,-45.99021667,167.3832167,Lake Hauroko jetty,NA,no
niveaphasma,annulata,nive-annu_57,-45.99701667,168.59185,Hokonui Hills,NA,no
niveaphasma,annulata,nive-annu_58,-45.11666667,170.05,Kakanui Mountains,NA,no
niveaphasma,annulata,nive-annu_59,-46.00406667,167.4068833,Road to Lake Hauroko,NA,no
niveaphasma,annulata,nive-annu_60,-46.3519,167.8651,"Lake George, Colac Bay",NA,no
niveaphasma,annulata,nive-annu_61,-46.35366667,168.0074333,"Riverton Railway Bridge, Riverton",NA,no
niveaphasma,annulata,nive-annu_62,-46.41171667,169.2442667,"Maclennan Range, head of Tahakopa River, The Catlins",NA,no
niveaphasma,annulata,nive-annu_63,-46.43033333,168.4215333,Tisbury,NA,no
niveaphasma,annulata,nive-annu_64,-46.44538333,169.8014833,"Roaring Bay, Nugget Point",NA,no
niveaphasma,annulata,nive-annu_65,-46.4732,168.2946167,"Sandy Point, Daffodil Bay",NA,no
niveaphasma,annulata,nive-annu_66,-46.06133333,168.82805,Dolamore Park,NA,no
niveaphasma,annulata,nive-annu_67,-46.06565,168.8806667,"Croydon Bush, Hokonui Hills",NA,no
niveaphasma,annulata,nive-annu_68,-46.51893333,168.2523833,Omaui (Tony photo),NA,no
niveaphasma,annulata,nive-annu_69,-46.53523333,168.2539667,Three Sisters Hill (Tony photo),NA,no
niveaphasma,annulata,nive-annu_70,-46.54189,168.4672333,"Tiwai Pt Rd, Seaward Moss Reserve",NA,no
niveaphasma,annulata,nive-annu_71,-46.55251667,169.4732333,"Old Coach Rd, Papatowai",NA,no
niveaphasma,annulata,nive-annu_72,-46.57763333,169.4442,"Tautuku Bay Nature Walk, Catlins",NA,no
niveaphasma,annulata,nive-annu_73,-46.61196667,168.3499167,Bluff Hill (Tony photo),NA,no
niveaphasma,annulata,nive-annu_74,-46.13393333,168.6027833,"Dunsdale, Hokonui Hills",NA,no
tectarchus,salebrosus,tect-sale_1,-42.48413333,172.3902167,Dans Creek Lewis Pass,sexual,no
tectarchus,salebrosus,tect-sale_2,-42.5406,172.3631667,Lewis River,sexual,no
tectarchus,salebrosus,tect-sale_3,-42.55771667,172.3507167,"Doubtful Valley rest area, Lewis Pass",sexual,no
tectarchus,salebrosus,tect-sale_4,-42.57088333,172.3652333,"Roadside, Rough Creek, SH7",sexual,no
tectarchus,salebrosus,tect-sale_5,-42.5748,172.37305,"Poplars Fan, SH7",sexual,no
tectarchus,salebrosus,tect-sale_6,-43.74948333,173.0167667,"Banks Peninsula, Otepotatu Reserve, Lavericks Peak ",sexual,no
tectarchus,salebrosus,tect-sale_7,-43.66108333,172.6245167,"Banks Peninsula, Coopers Knob",sexual,no
tectarchus,salebrosus,tect-sale_8,-43.63101667,172.6244667,"Banks Peninsula, Kennedys Bush",sexual,no
tectarchus,salebrosus,tect-sale_9,-42.23951667,173.7528667,Puhipuhi,sexual,no
tectarchus,salebrosus,tect-sale_10,-45.507995,170.570469,Mt Trotter,sexual,no
tectarchus,salebrosus,tect-sale_11,-42.32395,173.5928833,"Mt Fyffe Hut geocache, Kaikoura",sexual,no
tectarchus,salebrosus,tect-sale_12,-42.05048333,173.4415,"Tone River, Inland Kaikoura Ra",sexual,no
tectarchus,salebrosus,tect-sale_13,-43.524,172.6092833,Riccarton Bush,sexual,no
tectarchus,salebrosus,tect-sale_14,-42.47138333,172.823,Jacks Pass,sexual,no
tectarchus,salebrosus,tect-sale_15,-43.75683333,172.7313667,Prices Valley,sexual,no
tectarchus,salebrosus,tect-sale_16,-43.78351667,172.8339667,Okuti Valley,sexual,no
tectarchus,salebrosus,tect-sale_17,-43.81116667,173.0253667,Akaroa,sexual,no
tectarchus,salebrosus,tect-sale_18,-42.31676667,172.2646167,Lake Daniels Walkway,sexual,no
tectarchus,ovobessus,tect-ovob_1,-37.61175,175.1554167,"Hakarimata Ra, Kauri Loop Trk",NA,no
tectarchus,ovobessus,tect-ovob_2,-37.86666667,174.7833333,"Mt Karioi, Pirongia State Forest Pk, start of Waireke Track",NA,no
tectarchus,ovobessus,tect-ovob_3,-37.90781667,174.8967667,Bridal Veil Falls,NA,no
tectarchus,ovobessus,tect-ovob_4,-38.47083333,175.5721667,"Track behind Pureora Lodge, Waitaramoa Rd, Pureora Forest",NA,no
tectarchus,ovobessus,tect-ovob_5,-38.73333333,177.0333333,"Puketukutuku Peninsula, Lk Waikaremoana",NA,no
tectarchus,ovobessus,tect-ovob_6,-38.7405,177.1638333,"Lk Waikareiti Tk, Lake Waikaremoana",NA,no
tectarchus,ovobessus,tect-ovob_7,-38.78296667,177.1357,"Maori Track, Awaawaroa Strm, Lake Waikaremoana",NA,no
tectarchus,ovobessus,tect-ovob_8,-38.90345,174.59405,Mt Messenger,NA,no
tectarchus,ovobessus,tect-ovob_9,-39.15518333,174.6997667,"Whangamomona Saddle, Awahou Ridge Track, top of saddle",NA,no
tectarchus,ovobessus,tect-ovob_10,-39.19928333,175.9745667,"Pukeiti Lodge Bush, Egmont Nat. Park",NA,no
tectarchus,ovobessus,tect-ovob_11,-39.64478333,175.7101,"Paengaroa Scenic reserve, Mataroa, near Taihape",NA,no
tectarchus,ovobessus,tect-ovob_12,-41.02821667,175.95685,Ngaumu State Forest,NA,no
tectarchus,ovobessus,tect-ovob_13,-37.53358333,175.7435167,Mt Te Aroha summit,NA,no
tectarchus,ovobessus,tect-ovob_14,-38.2549,174.8633833,Piripiri Caves,NA,no
tectarchus,ovobessus,tect-ovob_15,-38.41641667,174.7218667,"Whareorino Forest, Mangatoa Tk",NA,no
tectarchus,ovobessus,tect-ovob_16,-37.049,175.2536667,Waharau,NA,no
tectarchus,ovobessus,tect-ovob_17,-40.42016667,176.03155,Waewaepa,NA,no
tectarchus,ovobessus,tect-ovob_18,-40.574267,175.44935,Mangaore,NA,no
tectarchus,ovobessus,tect-ovob_19,-39.39898333,175.4141167,Ohakune,NA,no
tectarchus,ovobessus,tect-ovob_20,-39.79283333,176.0458333,Rangitane,NA,no
tectarchus,ovobessus,tect-ovob_21,-39.961,176.0140167,Oroua,NA,no
tectarchus,ovobessus,tect-ovob_22,-39.41295,176.4160667,Blowhard,NA,no
tectarchus,ovobessus,tect-ovob_23,-37.27515,175.3272833,Waitakaruru,NA,no
tectarchus,ovobessus,tect-ovob_24,-39.72693333,175.1386333,Atene,NA,no
tectarchus,ovobessus,tect-ovob_25,-39.08865,174.1088667,Tupare,NA,no
tectarchus,ovobessus,tect-ovob_26,-38.69681667,175.6752667,Waihaha Trk,NA,no
tectarchus,ovobessus,tect-ovob_27,-39.32401667,174.10375,Dawson Falls,NA,no
tectarchus,ovobessus,tect-ovob_28,-39.20095,175.5419167,Chateau TO,NA,no
tectarchus,ovobessus,tect-ovob_29,-36.86438,174.4727,Matuku,NA,no
tectarchus,huttoni,tect-hutt_1,-41.03306667,172.9077667,Riwaka Scenic Res.,NA,no
tectarchus,huttoni,tect-hutt_2,-41.822,172.81185,"Paddys Trk, Lk Rotoiti",NA,no
tectarchus,huttoni,tect-hutt_3,-40.84788333,172.4490833,Browns hut,NA,no
tectarchus,huttoni,tect-hutt_4,-42.1018,171.40155,Bullock Crk,NA,no
tectarchus,huttoni,tect-hutt_5,-41.7551,171.8104833,Burnetts,NA,no
tectarchus,huttoni,tect-hutt_6,-41.2719,173.9058667,Anakiwa,NA,no
tectarchus,huttoni,tect-hutt_7,-40.99598333,175.3886,Waiohine Gorge,NA,no
tectarchus,huttoni,tect-hutt_8,-41.11495,175.2283333,Rimutaka Summitt,NA,no
tectarchus,huttoni,tect-hutt_9,-41.34795,174.9315167,Catchpool,NA,no
tectarchus,huttoni,tect-hutt_10,-41.41026667,175.3646667,Waikuku,NA,no
tectarchus,huttoni,tect-hutt_11,-41.08691667,174.1355,Mt Stokes,NA,no
tectarchus,huttoni,tect-hutt_12,-40.94833333,175.1096167,Akatarawa,NA,no
tectarchus,huttoni,tect-hutt_13,-40.86678333,175.2345667,Otaki,NA,no
tectarchus,huttoni,tect-hutt_14,-40.9068,175.4738667,Holdsworth,NA,no
tectarchus,huttoni,tect-hutt_15,-40.89538333,174.0855333,Chetwood,NA,no
tectarchus,huttoni,tect-hutt_16,-40.849,174.9236333,Kapiti,NA,no
tectarchus,huttoni,tect-hutt_17,-41.11449167,174.2791333,Long Island,NA,no
tectarchus,huttoni,tect-hutt_18,-40.7097,172.3644833,Anatori River Valley,NA,no
tectarchus,huttoni,tect-hutt_19,-41.28058333,174.9131,Eastbourne,NA,no
tectarchus,huttoni,tect-hutt_20,-42.4297,171.2958833,Sewell Peak,NA,no
tectarchus,huttoni,tect-hutt_21,-41.26745,174.75675,Wiltons Bush,NA,no
tectarchus,huttoni,tect-hutt_22,-41.11088333,174.2255667,Resolution Bay,NA,no
tectarchus,huttoni,tect-hutt_23,-41.29511667,174.7989333,Roseneath,NA,no
tectarchus,huttoni,tect-hutt_24,-41.23533333,174.7922833,Braodmeadows,NA,no
tectarchus,huttoni,tect-hutt_25,-41.3693,174.9427333,Orongorongo field station,NA,no
tectarchus,huttoni,tect-hutt_26,-41.30118333,173.5715,Pelorus Bridge,NA,no
asteliaphasma,nov. sp.,astel_sp_1,-34.40778307,173.0071831,North Cape Scientific Reserve,sexual,no
asteliaphasma,nov. sp.,astel_sp_2,-34.47249973,172.7644164,Kauri Bush Te Paki,sexual,no
asteliaphasma,nov. sp.,astel_sp_3,-34.49139973,172.8365164,"Kohuranaki, Te Paki",sexual,no
asteliaphasma,naomi,astel_sp_4,-34.79416659,173.1419439,Mt Camel,sexual,no
asteliaphasma,naomi,astel_sp_5,-35.06913423,173.4440349,Paranui,sexual,no
asteliaphasma,naomi,astel_sp_6,-34.9477164,173.544733,Whakaangi,sexual,no
asteliaphasma,naomi,astel_sp_7,-35.12214973,173.5652664,"Fern Flat Rd, Otangaroa Forest",sexual,no
asteliaphasma,naomi,astel_sp_8,-35.16338307,173.2699497,"East Herekino, Kaitaia Walkway",sexual,no
asteliaphasma,naomi,astel_sp_9,-35.20879973,173.1992497,Herekino West,sexual,no
asteliaphasma,naomi,astel_sp_10,-35.18999974,173.4556664,Mangamuka Gorge Walkway,sexual,no
asteliaphasma,naomi,astel_sp_11,-35.19368307,173.480783,Mangamuka Gorge picnic area,sexual,no
asteliaphasma,naomi,astel_sp_12,-35.7211664,173.6501664,Trounson Kauri Park,sexual,no
asteliaphasma,naomi,astel_sp_13,-35.18589974,173.782233,"Puketi Forest, Manginangina Kauri Walk",sexual,no
asteliaphasma,naomi,astel_sp_14,-35.19223307,173.7331497,"Puketi Forest, Onekura Tk",sexual,no
asteliaphasma,naomi,astel_sp_15,-35.27558307,173.6857664,"Puketi Forest, Waipapa River Trk",sexual,no
asteliaphasma,naomi,astel_sp_16,-35.2086664,173.7971331,"Puketi Forest, Forestry HQ",sexual,no
asteliaphasma,naomi,astel_sp_17,-35.30194974,174.2335164,"Ngaiotonga Scenic Reserve, Kauri Grove",sexual,no
asteliaphasma,naomi,astel_sp_18,-35.3693164,173.2833664,Warawara Forest,sexual,no
asteliaphasma,naomi,astel_sp_19,-35.65654974,173.5632664,"Waipoua Forest, Hill south of DoC Forest HQ",sexual,no
asteliaphasma,naomi,astel_sp_20,-35.85433307,174.577683,Bream Head,sexual,no
asteliaphasma,naomi,astel_sp_21,-35.70926885,174.3319699,Dobbies Park,sexual,no
asteliaphasma,naomi,astel_sp_22,-35.56227997,174.4992368,Whale Bay,sexual,no
asteliaphasma,naomi,astel_sp_23,-35.70268668,174.2647129,"Pukenui, Whangarei",sexual,no
asteliaphasma,naomi,astel_sp_24,-35.32084974,174.0655997,"Opua Forest, Oromahoe Rd",sexual,no
asteliaphasma,naomi,astel_sp_25,-36.36083307,174.613333,"Dome Forest Walkway, north of Warkworth",sexual,no
asteliaphasma,naomi,astel_sp_26,-36.34516641,174.6141664,"Dome Forest, Waiwhu Rd",sexual,no
asteliaphasma,naomi,astel_sp_27,-36.45841641,174.467033,Mount Auckland,sexual,no
asteliaphasma,naomi,astel_sp_28,-35.89374861,174.1365627,Tangihua,sexual,no
asteliaphasma,naomi,astel_sp_29,-36.46988307,174.5981497,Moir Hill,sexual,no
asteliaphasma,naomi,astel_sp_30,-36.94264975,174.475933,"Maungaroa Lookout Tk, Piha",sexual,no
asteliaphasma,naomi,astel_sp_31,-36.96609974,174.6117164,"Auckland, Parau Trk, Lower Nihotupu Reservoir",sexual,no
asteliaphasma,naomi,astel_sp_32,-36.86355808,174.4736803,Matuku,sexual,no
asteliaphasma,naomi,astel_sp_33,-37.21833307,175.0266664,"Mt William Scenic Reserve, Kauri Track",sexual,no
asteliaphasma,naomi,astel_sp_34,-37.01734141,175.1452664,"Hunua, Ness Valley",sexual,no
asteliaphasma,naomi,astel_sp_35,-37.04899974,175.2536664,"Waharau Reg Park, Hunua Ranges",sexual,no
asteliaphasma,naomi,astel_sp_36,-36.20833307,175.0716664,"Little Barrier Island, Water Bottle Track",sexual,no
asteliaphasma,naomi,astel_sp_37,-36.21816641,175.0594497,"Little Barrier Island, Start of Valley Trk",sexual,no
asteliaphasma,naomi,astel_sp_38,-36.22083308,175.0616664,"Little Barrier Island, Shag Track",sexual,no
asteliaphasma,naomi,astel_sp_39,-36.29679503,175.5262977,"Great Barrier Island, Little Windy Hill",sexual,no
asteliaphasma,naomi,astel_sp_40,-36.98941641,175.5876664,"Start of Waiomu Walk, Coroglen-Tapu Rd, 10.9km East of Tapu",sexual,no
asteliaphasma,naomi,astel_sp_41,-37.61174974,175.1554164,"Hakarimata Ra, Kauri Loop Trk",sexual,no
asteliaphasma,naomi,astel_sp_42,-37.14856546,175.6734678,"Summit Kopu-Hikuai, Coromandel Range",sexual,no
asteliaphasma,naomi,astel_sp_43,-37.52141641,175.7305164,"Mt Te Aroha, Tui mine",sexual,no
asteliaphasma,naomi,astel_sp_44,-37.96798308,175.1521664,"Mt Pirongia, Mangakara Nature Walk",sexual,no
asteliaphasma,naomi,astel_sp_45,-37.90781641,174.8967664,Bridal Veil Falls,sexual,no
asteliaphasma,naomi,astel_sp_46,-37.85078332,174.7814035,"Pirongia State Forest Pk, Mt Karioi, Waireke Track",sexual,no
asteliaphasma,naomi,astel_sp_47,-37.85983308,175.5306664,"Cambridge, Maungakawa Scenic Reserve",sexual,no
asteliaphasma,naomi,astel_sp_48,-37.54364974,175.8716164,"Kaimai Ra, Lindemann lookout, end of Lindemann Rd",sexual,no
asteliaphasma,naomi,astel_sp_49,-37.56284975,178.1522497,"Waenga Bush, Lottin Pt Rd",asexual,no
asteliaphasma,naomi,astel_sp_50,-37.59666641,175.8599997,"Katikati, Springs Rd, Tuahu Trk",sexual,no
asteliaphasma,naomi,astel_sp_51,-37.60636642,178.153883,"Waiaroho, East Cape",asexual,no
asteliaphasma,naomi,astel_sp_52,-37.67496641,175.9151164,"Katikati, Wrights Road, Aongatete Lodge",sexual,no
asteliaphasma,naomi,astel_sp_53,-38.78296641,177.1356997,"Te Urewera Natl. Pk, Lake Waikaremoana, Awaawaroa Stm, Maori Track",asexual,no
asteliaphasma,naomi,astel_sp_54,-38.51449974,175.5701664,"Pureora Forest, Caterpillar Tractor Track",asexual,no
asteliaphasma,naomi,astel_sp_55,-38.47083308,175.5721664,"Pureora Forest, Waitaramoa Rd, Track behind Pureora Lodge",asexual,no
asteliaphasma,naomi,astel_sp_56,-38.56644975,175.7177997,"Pureora Forest, Kakaho Stm, Rimu walk",asexual,no
asteliaphasma,naomi,astel_sp_57,-38.05048307,175.562283,Maungatautari,sexual,no
asteliaphasma,naomi,astel_sp_58,-38.25898308,175.0226497,Waitomo,sexual,no
asteliaphasma,naomi,astel_sp_59,-38.90345,174.59405,Mt Messenger,asexual,no
asteliaphasma,naomi,astel_sp_60,-37.0063,174.9069,Auckland Botanic Gardens,sexual,no
micrarchus,hystriculeus,micra_hyst_1,-39.42945,175.4645167,"Rangataua, Rangataua Scenic Reserve",sexual,no
micrarchus,hystriculeus,micra_hyst_2,-39.019717,176.563597,"Napier-Taupo Road, rest area",sexual,no
micrarchus,hystriculeus,micra_hyst_3,-39.28678,176.40798,"Makahu Hut, Kaweka Range, Hawkes Bay",sexual,no
micrarchus,hystriculeus,micra_hyst_4,-39.64491667,175.7138333,"Paengaroa Scenic Reserve, Mataroa, near Taihape",sexual,no
micrarchus,hystriculeus,micra_hyst_5,-39.39616667,176.3143333,"West of Kuripapango, Gentle Annie Rd",sexual,no
micrarchus,hystriculeus,micra_hyst_6,-41.01366,175.81867,"Te Parae Rd, nr Masterton",sexual,no
micrarchus,hystriculeus,micra_hyst_7,-40.22435,176.2720333,Te Uri/Dannevirke,sexual,no
micrarchus,hystriculeus,micra_hyst_8,-40.86075,175.8726833,"Bideford, Waterfalls Rd",sexual,no
micrarchus,hystriculeus,micra_hyst_9,-40.90048333,175.4681667,"Donnelleys Clearing Trk, Mt Holdsworth",sexual,no
micrarchus,hystriculeus,micra_hyst_10,-40.99323333,175.50235,"Fensham Res., Carterton",sexual,no
micrarchus,hystriculeus,micra_hyst_11,-41.00753333,175.3914,Waiohine Gorge abseil site,sexual,no
micrarchus,hystriculeus,micra_hyst_12,-41.02821667,175.95685,Ngaumu State Forest,sexual,no
micrarchus,hystriculeus,micra_hyst_13,-41.06081667,175.6038833,Carterton Scenic Res,sexual,no
micrarchus,hystriculeus,micra_hyst_14,-41.25586667,175.1463167,"Wairongomai Station, Rimutaka Ra.",sexual,no
micrarchus,hystriculeus,micra_hyst_15,-41.41026667,175.3646667,"Waikuku Lodge, Haurangi Mountains",sexual,no
micrarchus,hystriculeus,micra_hyst_16,-41.4497,175.2408833,"Putangirua Pinnacles, Haurangi Mountains",sexual,no
micrarchus,hystriculeus,micra_hyst_17,-41.34823333,174.9310333,"Catchpool Valley, Rimutaka Forest Pk",sexual,no
micrarchus,hystriculeus,micra_hyst_18,-41.43348333,174.9133667,Turakirae Heads,sexual,no
micrarchus,hystriculeus,micra_hyst_19,-41.2825,174.7542,"145 Creswick Tce, Northland, Wellington",sexual,no
micrarchus,hystriculeus,micra_hyst_20,-41.08702,174.7812,Mana Island,sexual,no
micrarchus,hystriculeus,micra_hyst_21,-41.0245,173.88959,Maud Island ,sexual,no
micrarchus,hystriculeus,micra_hyst_22,-40.84582,173.99323,Trio Is,sexual,no
micrarchus,hystriculeus,micra_hyst_23,-40.671264,173.997817,Stephens Island,sexual,no
micrarchus,hystriculeus,micra_hyst_24,-40.92771,173.84208,French Pass,sexual,no
micrarchus,hystriculeus,micra_hyst_25,-41.20246667,174.0322,Cowshed Bay Camp and Picnic Area,sexual,no
micrarchus,hystriculeus,micra_hyst_26,-41.38518333,174.058,"Whites Bay Recreation Reserve campground, Puketea Track",sexual,no
micrarchus,hystriculeus,micra_hyst_27,-41.11243,174.03308,Manaroa/Clova Bay,sexual,no
micrarchus,hystriculeus,micra_hyst_28,-40.82218333,173.0026833,"Golden Bay Campground, Totranui",sexual,no
micrarchus,hystriculeus,micra_hyst_29,-41.347626,173.348293,"Dun Mtn, Mineral Belt, Coads Creek",sexual,no
micrarchus,hystriculeus,micra_hyst_30,-41.03296667,172.9005167,"Riwaka Resurgence, Abel Tasman National Park",sexual,no
micrarchus,hystriculeus,micra_hyst_31,-41.1063,173.52305,"Whangamoa Rd, 1.4km S of Hori Bay",sexual,no
micrarchus,hystriculeus,micra_hyst_32,-41.10675,173.5189833,"Hori Bay, 13.7km N of SH6 on Whangamoa Rd",sexual,no
micrarchus,hystriculeus,micra_hyst_33,-41.80382,172.84702,"L. Rotoiti, Nelson",sexual,no
micrarchus,hystriculeus,micra_hyst_34,-41.73086,172.99174,"Red Hills Hut, Mt Chrome",sexual,no
micrarchus,hystriculeus,micra_hyst_35,-41.741923,173.819332,"Black Birch Ridge, Marlborough",sexual,no
micrarchus,hystriculeus,micra_hyst_36,-41.21606667,173.5919333,"Carluke Scenic Reserve, near Rai Valley",sexual,no
micrarchus,hystriculeus,micra_hyst_37,-41.71788333,173.1010333,Kowhai Point Res.,sexual,no
micrarchus,hystriculeus,micra_hyst_38,-42.70265,173.8727167,"Awatere Valley, Blairich Station, Black Birch Stream",sexual,no
micrarchus,hystriculeus,micra_hyst_39,-41.3125,173.2916667,"Nelson, The Brook",sexual,no
micrarchus,hystriculeus,micra_hyst_40,-41.1188,174.27697,Long Island,sexual,no
micrarchus,hystriculeus,micra_hyst_41,-41.39722,173.19034,"Rhoding, Nelson (Roding ?)",sexual,no
micrarchus,nov-sp-2,micra_sp2_1,-41.0804,172.6261833,"Kahurangi Nat Pk, in basin at head of Lk Lockett Ra",sexual,no
micrarchus,nov-sp-2,micra_sp2_2,-40.97166667,172.88925,"Takaka, Harwoods Hole Rd",sexual,no
micrarchus,nov-sp-2,micra_sp2_3,-41.19786667,172.7124167,"Mt Arthur Trk, ridge above Mt Arthur hut",sexual,no
micrarchus,nov-sp-2,micra_sp2_4,-41.7672,171.7868333,"Whareatea Mine, Denniston Hill",sexual,no
micrarchus,nov-sp-2,micra_sp2_5,-41.10636667,172.6917333,"Top of Cobb Dam Rd, Kahurangi Nat Park",sexual,no
micrarchus,nov-sp-2,micra_sp2_6,-41.8341,172.8112,Mt Robert,sexual,no
micrarchus,nov-sp-2,micra_sp2_7,-41.106972,172.633839,"Lake Sylvester, Nelson",sexual,no
micrarchus,nov-sp-2,micra_sp2_8,-41.19731667,172.7134167,"Ridge behind Mt Arthur Hut, Mt Arthur Tableland, Arthur Ridge",sexual,no
micrarchus,nov-sp-2,micra_sp2_9,-41.67445,171.857586,"Mt Augustus, Granity",sexual,no
micrarchus,nov-sp-2,micra_sp2_10,-41.637513,171.902475,"Stockton Plateau, north of Rudolf Stm",sexual,no
micrarchus,nov-sp-2,micra_sp2_11,-41.711559,171.864452,"Upper Waimangaroa Valley, north of Webb Stm",sexual,no
micrarchus,nov-sp-2,micra_sp2_12,-42.076597,171.540442,"Mt Dewar, Paparoa Range",sexual,no
micrarchus,nov-sp-2,micra_sp2_13,-41.729433,172.492347,"Mt Murchison, Buller Vly",sexual,no
micrarchus,nov-sp-2,micra_sp2_14,-42.4052,171.3430833,"Paparoa Ra, Sewell Peak, site # 2",sexual,no
micrarchus,nov-sp-2,micra_sp2_15,-42.41073333,171.3378833,"Paparoa Ra, Sewell Peak, site # 3",sexual,no
micrarchus,nov-sp-2,micra_sp2_16,-41.76601667,171.7736833,Denniston Plateau,sexual,no
micrarchus,nov-sp-2,micra_sp2_17,-40.87358333,172.542,Lead Hill eastern slope,sexual,no
micrarchus,nov-sp-2,micra_sp2_18,-40.90106667,172.5784833,Boulder Lake,sexual,no
micrarchus,nov-sp-2,micra_sp2_19,-41.52406667,172.5655833,"Granity Pass, Mt Owen",sexual,no
micrarchus,nov-sp-2,micra_sp2_20,-41.87456667,171.6290667,Bucklands Peak Hut,sexual,no
micrarchus,nov-sp-1,micra_sp1_1,-42.2432,173.8292833,"Ohau Scenic Reserve, N of Kaikoura",sexual,no
micrarchus,nov-sp-1,micra_sp1_2,-42.36483333,173.5850667,"Road to Mt Fyffe, Kaikoura",sexual,no
micrarchus,nov-sp-1,micra_sp1_3,-42.24688333,173.7520833,"Puhipuhi Scenic Reserve, Kaikoura",sexual,no
micrarchus,nov-sp-1,micra_sp1_4,-42.25958333,173.8105333,"Halfmoon Bay Track head, along SH1",sexual,no
micrarchus,nov-sp-1,micra_sp1_5,-41.877422,174.005413,"Waima River Valley, 2.7km E of Sawcut Gorge Trailhead(end of road) on Ure Rd 10.5km W of SH1",sexual,no
micrarchus,nov-sp-1,micra_sp1_6,-42.33603333,173.6406333,"Mt Fyffe, Fyffe Palmer Scenic Reserve",sexual,no
micrarchus,nov-sp-1,micra_sp1_7,-42.35028333,173.5683667,"Mt Fyffe track car park, Kaikoura",sexual,no
micrarchus,nov-sp-1,micra_sp1_8,-41.96981667,173.9862167,"Kekerengu Valley Rd Site 2, Kaikoura",sexual,no
micrarchus,nov-sp-1,micra_sp1_9,-42.21648333,173.8597667,"Okiwi Bay track, Kaikoura",sexual,no
micrarchus,nov-sp-1,micra_sp1_10,-42.32395,173.5928833,"Kaikoura, Mt Fyffe Hut geocache",sexual,no
micrarchus,nov-sp-3,micra_sp3_1,-40.671199,174.003611,"Stephens Is, Cook Strait",sexual,no
spinotectarchus,acornutus,spino_sp_1,-34.43437308,172.8935473,Unuwhao,sexual,no
spinotectarchus,acornutus,spino_sp_2,-34.47249999,172.7644167,Kauri Bush Te Paki,sexual,no
spinotectarchus,acornutus,spino_sp_3,-34.49139999,172.8365167,"Kohuranaki, Te Paki",sexual,no
spinotectarchus,acornutus,spino_sp_4,-35.06913448,173.4440351,Paranui,sexual,no
spinotectarchus,acornutus,spino_sp_5,-34.94771666,173.5447333,Whakaangi,sexual,no
spinotectarchus,acornutus,spino_sp_6,-35.12214999,173.5652667,"Fern Flat Rd, Otangaroa Forest",sexual,no
spinotectarchus,acornutus,spino_sp_7,-35.1859,173.7822333,"Puketi Forest, Manginangina Kauri Walk",sexual,no
spinotectarchus,acornutus,spino_sp_8,-35.16338332,173.26995,"East Herekino, Kaitaia Walkway",sexual,no
spinotectarchus,acornutus,spino_sp_9,-35.20879999,173.19925,Herekino West,sexual,no
spinotectarchus,acornutus,spino_sp_10,-35.19,173.4556666,Mangamuka Gorge Walkway,sexual,no
spinotectarchus,acornutus,spino_sp_11,-35.19368332,173.4807833,Mangamuka Gorge picnic area,sexual,no
spinotectarchus,acornutus,spino_sp_12,-35.72116666,173.6501666,Trounson Kauri Park,sexual,no
spinotectarchus,acornutus,spino_sp_13,-35.30195,174.2335167,"Ngaiotonga Scenic Reserve, Kauri Grove",sexual,no
spinotectarchus,acornutus,spino_sp_14,-35.36931666,173.2833667,Warawara Forest,sexual,no
spinotectarchus,acornutus,spino_sp_15,-35.65655,173.5632667,"Waipoua Forest, Hill south of DoC Forest HQ",sexual,no
spinotectarchus,acornutus,spino_sp_16,-35.53055554,173.4408337,Waima Forest,sexual,no
spinotectarchus,acornutus,spino_sp_17,-35.85433333,174.5776833,Bream Head,sexual,no
spinotectarchus,acornutus,spino_sp_18,-35.88696362,174.7773494,"Coppermine Isl, Hen and Chickens",sexual,no
spinotectarchus,acornutus,spino_sp_19,-36.36083332,174.6133333,"Dome Forest Walkway, north of Warkworth",sexual,no
spinotectarchus,acornutus,spino_sp_20,-36.46988333,174.59815,Moir Hill,sexual,no
spinotectarchus,acornutus,spino_sp_21,-36.55731839,174.4763886,"Omeru, Kaipara",sexual,no
spinotectarchus,acornutus,spino_sp_22,-36.94265,174.4759333,"Maungaroa Lookout Tk, Piha",sexual,no
spinotectarchus,acornutus,spino_sp_23,-37.01132357,174.5383973,Don MacLean Trk,sexual,no
spinotectarchus,acornutus,spino_sp_24,-37.04899999,175.2536667,"Waharau Reg Park, Hunua Ranges",sexual,no
spinotectarchus,acornutus,spino_sp_25,-36.29679528,175.5262979,"Great Barrier Island, Little Windy Hill",sexual,no
spinotectarchus,acornutus,spino_sp_26,-36.20833332,175.0716667,"Little Barrier Island, Water Bottle Track",sexual,no
spinotectarchus,acornutus,spino_sp_27,-36.21816666,175.05945,"Little Barrier Island, Start of Valley Trk",sexual,no
spinotectarchus,acornutus,spino_sp_28,-36.22083333,175.0616666,"Little Barrier Island, Shag Track",sexual,no
spinotectarchus,acornutus,spino_sp_29,-36.98941666,175.5876666,"Start of Waiomu Walk, Coroglen-Tapu Rd, 10.9km East of Tapu",sexual,no
spinotectarchus,acornutus,spino_sp_30,-36.34516666,174.6141667,"Dome Forest, Waiwhu Rd",sexual,no
spinotectarchus,acornutus,spino_sp_31,-37.21833332,175.0266666,"Mt William Scenic Reserve, Kauri Track",sexual,no
spinotectarchus,acornutus,spino_sp_32,-37.52141665,175.7305167,"Mt Te Aroha, Tui mine",sexual,no
spinotectarchus,acornutus,spino_sp_33,-37.53448926,175.7415085,"Mt Te Aroha, summitt",sexual,no
spinotectarchus,acornutus,spino_sp_34,-37.85078357,174.7814038,"Pirongia State Forest Pk, Mt Karioi, Waireke Track",sexual,no
spinotectarchus,acornutus,spino_sp_35,-37.54364999,175.8716167,"Kaimai Ra, Lindemann lookout, end of Lindemann Rd",sexual,no
spinotectarchus,acornutus,spino_sp_36,-38.10164989,176.4308375,Lake Okataina,sexual,no
spinotectarchus,acornutus,spino_sp_37,-38.47083332,175.5721667,"Pureora Forest, Waitaramoa Rd, Track behind Pureora Lodge",sexual,no
spinotectarchus,acornutus,spino_sp_38,-35.27558333,173.6857666,"Puketi Forest, Waipapa River Trk",sexual,no
spinotectarchus,acornutus,spino_sp_39,-36.45841666,174.4670333,Mount Auckland,sexual,no
spinotectarchus,acornutus,spino_sp_40,-35.89374887,174.136563,Tangihua,sexual,no
spinotectarchus,acornutus,spino_sp_41,-37.1485657,175.673468,"Summit Kopu-Hikuai, Coromandel Range",sexual,no
spinotectarchus,acornutus,spino_sp_42,-35.19692777,173.798575,Omahuta (SM15),sexual,no
spinotectarchus,acornutus,spino_sp_43,-35.19223333,173.73315,"Puketi Forest, Onekura Tk",sexual,no
spinotectarchus,acornutus,spino_sp_44,-36.86355833,174.4736805,Matuku,sexual,no
spinotectarchus,acornutus,spino_sp_45,-35.56228023,174.4992371,Whale Bay,sexual,no
spinotectarchus,acornutus,spino_sp_46,-35.7092691,174.3319701,Dobbies Park,sexual,no
spinotectarchus,acornutus,spino_sp_47,-36.65211079,174.7201391,Okura Walkway,sexual,no
Tepakiphasma,ngatikuri,tepk_ngat_1,-34.47249973,172.7644164,Radar Bush,sexual,no